Gene,Group
Other,Other
TGFBR1,Type 1 receptor serine/threonine kinases
PTEN,Phosphoinositide phosphatases
GTF2I,General transcription factors
SH2B3,Pleckstrin homology domain containing
ATXN2,No group
SKAP2,Pleckstrin homology domain containing
NCF1,No group
SOX9,SRY-box transcription factors
GTF2IRD1,No group
VHL,No group
CALM2P1,No group
HLA-B,MicroRNA protein coding host genes
FBN2,Fibrillins
F5,No group
PROS1,Gla domain containing
NCOA2,Basic helix-loop-helix proteins
PROC,Receptor ligands
SERPINC1,Serpin peptidase inhibitors
AKT1,Pleckstrin homology domain containing
DUSP22,Atypical dual specificity phosphatases
PLAT,No group
COL5A1,Fibrillar collagens
ACTA2-AS1,Antisense RNAs
SLC2A10,Solute carrier family 2
MYH11,"Myosin heavy chains, class II"
SMAD3,SMAD family
FLNA,Filamins
SMOC1,SPARC family
ACTA2,Actins
P2RY2,P2Y receptors
FBXL2,F-box and leucine rich repeat proteins
SYNGR1,Synaptogyrins
POLS,Terminal nucleotidyltransferases
EPHA3,Sterile alpha motif domain containing
ICA1,AH domain containing
VDAC1,Voltage dependent anion channels
SNRPC,Zinc fingers matrin-type
IL21,Interleukins
NBDY,No group
PTPRH,Fibronectin type III domain containing
C14orf143,EF-hand domain containing
OLIG3,Basic helix-loop-helix proteins
HCFC1,Protein phosphatase 1 regulatory subunits
TMEM39A,No group
C4A,Blood group antigens
ACOX2,Flavoproteins
LARP1,MicroRNA protein coding host genes
MYO5C,MicroRNA protein coding host genes
STAT1,SH2 domain containing
GATA3,GATA zinc finger domain containing
RASA1,Pleckstrin homology domain containing
IFNA22P,Interferons
RASSF2,Ras association domain family
LOC102724596,Unknown
PRSS54,Serine proteases
CAMK2G,Calmodulin dependent protein kinases
C17orf37,No group
PDCD1,CD molecules
TAGAP,Rho GTPase activating proteins
LRRC18,No group
RAPH1,Pleckstrin homology domain containing
BBIP1,BBSome
USP18,Ubiquitin specific peptidases
CCR2,CD molecules
GRINL1A,RNA polymerase subunits
TPCN2,MicroRNA protein coding host genes
RALGPS2,Pleckstrin homology domain containing
DDO,Flavoproteins
snoU13,Unknown
LAMC1,Laminin subunits
NSUN2,NOP2/Sun RNA methyltransferase family
TRAPPC11,Trafficking protein particle complex subunits
HEATR3,Armadillo like helical domain containing
R3HCC1,No group
SCN10A,Sodium voltage-gated channel alpha subunits
NCRNA00284,Long non-coding RNAs with non-systematic symbols
XPO1,Exportins
MYLK,I-set domain containing
KIAA1107,BTB domain containing
EDDM3DP,No group
TP63,MicroRNA protein coding host genes
RP11-18H21.1,Unknown
GHR,Fibronectin type III domain containing
COL25A1,Membrane associated collagens with interrupted triple helices
AFF1,Super elongation complex
CCNH,Cyclins
EIF4E3,No group
SORCS2,MicroRNA protein coding host genes
SIRPD,V-set domain containing
ANKRD16,Ankyrin repeat domain containing
HMGXB4,Non-canonical high mobility group
HMHB1,Minor histocompatibility antigens
LRRK1,ROCO family
HIC2,Zinc fingers C2H2-type
NAALADL2,MicroRNA protein coding host genes
MAFTRR,Long non-coding RNAs with non-systematic symbols
RP11-309L24.6,Unknown
RFC5,AAA ATPases
SHROOM3,MicroRNA protein coding host genes
SCAMP5,Secretory carrier membrane proteins
ZNF629,Zinc fingers C2H2-type
PPARG,Peroxisome proliferator activated receptors
MIR4472-2,MicroRNAs
DPF3,PHD finger proteins
STN1,CST complex
IRF4,Interferon regulatory factors 
NSMCE2,Zinc fingers MIZ-type
C9,Complement system activation components
MIR548AN,MicroRNA MIR548 family
TAOK3,Mitogen-activated protein kinase kinase kinases
DNASE2,No group
GSDMB,Gasdermins
EHF,ETS transcription factor family
ZNFN1A3,Zinc fingers C2H2-type
PCNXL3,MicroRNA protein coding host genes
SPP1,Receptor ligands
CLASP2,TOG domain containing
BC040734,Unknown
MED1,Mediator complex
RP5-1186P10.2,Unknown
RPS26P53,No group
C12orf28,No group
LOC541472,Unknown
EOMES,T-box transcription factors
BC009730,Unknown
ADO,No group
LINC00315,Long intergenic non-protein coding RNAs
ARMC3,Armadillo repeat containing
SLC29A3,Solute carrier family 29
GRB7,Pleckstrin homology domain containing
HER-2,Unknown
ADAMTS9,ADAM metallopeptidases with thrombospondin type 1 motif
MIR1208,MicroRNAs
BRD7P2,No group
IL22RA2,Interleukin receptors
RAB23,"RAB, member RAS oncogene GTPases"
SLC22A11,Solute carrier family 22
SCUBE3,No group
c10orf64,WD repeat domain containing
ZBPB2,Unknown
RNA5SP169,No group
RP11-706F1.2,Unknown
FAM161A,No group
ILDR1,No group
MIR572,MicroRNAs
CD28,CD molecules
STIM1,MicroRNA protein coding host genes
APOBEC4,Apolipoprotein B mRNA editing enzyme catalytic subunits
CBS,No group
ELF3,ETS transcription factor family
KDM4C,Tudor domain containing
RPL7AP59,No group
SIGLEC5,CD molecules
KIT,CD molecules
NEGR1,I-set domain containing
ERBB4,MicroRNA protein coding host genes
ZFP901,Unknown
MROH9,Maestro heat like repeat containing 
PAPPAS,Antisense RNAs
PARP11,Poly(ADP-ribose) polymerases
KIAA1853,No group
YDJC,No group
BACE2,Peptidase family A1
ARHGAP4,F-BAR domain containing 
IL7R,CD molecules
CDH2,CD molecules
CNTN6,I-set domain containing
LRRC16A,No group
MTG1,No group
CAPSL,EF-hand domain containing
FAM132A,C1q and TNF related 
RPS10P3,No group
LYN,SH2 domain containing
CNOT2,CCR4-NOT transcription complex
PLP1,No group
LAMC2,Laminin subunits
SPATA8,Long non-coding RNAs with non-systematic symbols
LINC01094,Long intergenic non-protein coding RNAs
BIN1,N-BAR domain containing
HAND1,Basic helix-loop-helix proteins
CCR3,CD molecules
C10orf67,No group
ARHGAP27,Pleckstrin homology domain containing
TMEM233,Dispanins
PGPEP1,No group
SEC61G,No group
GALC,Glycoside hydrolase family
MCF2L2,Dbl family Rho GEFs
RPS20,Small nucleolar RNA protein coding host genes
TWIST2,Basic helix-loop-helix proteins
SPPL3,Peptidase family A22
CTNNA3,MicroRNA protein coding host genes
LINC01845,Long intergenic non-protein coding RNAs
CEPT1,No group
DHCR7,No group
CDK20,Cyclin dependent kinases
FCGR3A,CD molecules
AY927475,Unknown
PPARD1,Unknown
PPCDC,Flavoproteins
BC038767,Unknown
MDC1,No group
MAGI1,PDZ domain containing
SMAD4,SMAD family
TSEN2,tRNA-splicing endonuclease subunits
LOC100505875,Unknown
LOC285766,Unknown
UBE2J2,Ubiquitin conjugating enzymes E2
WIPF1,No group
PRRX1,PRD class homeoboxes and pseudogenes
APIP,No group
CPSF3L,MicroRNA protein coding host genes
PRKAB1,No group
HIP1,No group
SLC22A12,Solute carrier family 22
ABCB5,ATP binding cassette subfamily B
FAM193A,No group
DAB2,No group
IFNA17,Interferons
LINC00870,Long intergenic non-protein coding RNAs
MGAT5,MicroRNA protein coding host genes
JARID2,AT-rich interaction domain containing
ISX,PRD class homeoboxes and pseudogenes
LOC101926943,Unknown
STAB2,Scavenger receptors
GRAP2,SH2 domain containing
TNFRSF13B,CD molecules
RP11-35O7.1,Unknown
NTNG2,Netrins
IGHG1,Immunoglobulin heavy locus at 14q32.33
RTKN2,Pleckstrin homology domain containing
CXCR5,CD molecules
ARID3A,AT-rich interaction domain containing
SDHDP4,No group
SRCAP,Small nucleolar RNA protein coding host genes
RPS2P19,No group
ASB1,Ankyrin repeat domain containing
IFNGR1,CD molecules
OR4A15,"Olfactory receptors, family 4"
LAT2,No group
IFT80,WD repeat domain containing
C1orf146,No group
CDHR3,Cadherin related
ENTHD1,No group
KCTD6,KCTD family
CTD-2029E14.1,Unknown
PDCD5,No group
IPCEF1,Pleckstrin homology domain containing
IL2,Interleukins
LOC100130476,Unknown
HLA-DPB1,Histocompatibility complex
CSMD1,Protein phosphatase 1 regulatory subunits
ARIH2P1,No group
DDA1,No group
C14orf147,No group
CCT7P2,No group
RPL3P11,No group
HOXA3,HOXL subclass homeoboxes
CTPS2,MicroRNA protein coding host genes
PDE8B,PAS domain containing
MPDZ,PDZ domain containing
EFEMP1,Fibulins
ARHGAP24,MicroRNA protein coding host genes
C7Orf71,Long intergenic non-protein coding RNAs
CYP27C1,Cytochrome P450 family 27
TMEM167A,No group
RNU7-31P,No group
MURC,Cavins
EGLN3,No group
PRKG2,AGC family kinases
NETO1,MicroRNA protein coding host genes
TSN,No group
PBX1,TALE class homeoboxes and pseudogenes
RPL35AP15,No group
GPR176,"G protein-coupled receptors, Class A orphans"
HOXA5,HOXL subclass homeoboxes
PROX1,PROS class homeoboxes
PKDCC,No group
TRIB2,MicroRNA protein coding host genes
CCNG1,Cyclins
HOXA-AS3,Antisense RNAs
RAPGEF2,MicroRNA protein coding host genes
SEZ6L2,Sushi domain containing
MAGEC2,MAGE family
SMAD6,SMAD family
NOTCH1,MicroRNA protein coding host genes
FOXC2,Forkhead boxes
RPL6P30,No group
FLJ41200,Unknown
GADL1,No group
OSBPL3,Pleckstrin homology domain containing
NKAIN2,Na+/K+ transporting ATPase interacting
ERC2,MicroRNA protein coding host genes
HOXA1,HOXL subclass homeoboxes
PCBP2P3,No group
CNTNAP5,Contactin associated protein family
IRS1,Pleckstrin homology domain containing
SNORA47,"Small nucleolar RNAs, H/ACA box"
SCAPER,Zinc fingers C2H2-type
RPS3AP46,No group
MRP63P6,No group
INTU,PDZ domain containing
AGBL3,M14 carboxypeptidases
FAT4,Cadherin related
LTA4H,M1 metallopeptidases
HOTAIRM1,Long non-coding RNAs with non-systematic symbols
RPL6P5,No group
EML4,WD repeat domain containing
RNU7-2P,No group
EBF1,IPT domain containing
RPS17P2,No group
BFSP2,Beaded filament structural proteins
CYCSP42,No group
LOC101448202,Unknown
COL5A2,MicroRNA protein coding host genes
NDP,Receptor ligands
NDP-AS1,Antisense RNAs
COL1A2,Fibrillar collagens
PIK3CA,Phosphatidylinositol 3-kinase subunits
KLLN,No group
LOC126861980,Unknown
ATP7A,ATPase copper transporting
SOX18,SRY-box transcription factors
COL1A1,Fibrillar collagens
TBX1,T-box transcription factors
ARVCF,Armadillo like helical domain containing
UFD1,VCP-Ufd1-Npl4 complex subunits
EGFR,Erb-b2 receptor tyrosine kinases
JMJD1C,MicroRNA protein coding host genes
TSPAN12,Tetraspanins
LOC126862586,Unknown
RREB1,Zinc fingers C2H2-type
SEC24C,COPII coat complex
FZD4,CD molecules
HIRA,WD repeat domain containing
PRSS23,Serine proteases
COMT,MicroRNA protein coding host genes
MED12,Mediator complex
RPL17P25,No group
CAMK4,Calmodulin dependent protein kinases
FBXO15,F-boxes other
MRPS21P1,No group
COL11A1,Fibrillar collagens
HOXA2,HOXL subclass homeoboxes
HOXA4,HOXL subclass homeoboxes
KCNH8,Potassium voltage-gated channels
SLC2A3P2,No group
MAGEB17,MAGE family
RASGEF1B,No group
ST13P12,No group
RPL31P13,No group
HEJ1,Unknown
ST13P1,No group
EPHA4,Sterile alpha motif domain containing
USP25,Ubiquitin specific peptidases
RPL23P4,No group
SEMA3C,I-set domain containing
FAM46A,Terminal nucleotidyltransferases
HOXA6,HOXL subclass homeoboxes
NOTCH3,MicroRNA protein coding host genes
BMP4,Bone morphogenetic proteins
RPS14P7,No group
WSCD1,No group
GAPDHP26,No group
NPAS3,Basic helix-loop-helix proteins
SPANXN4,SPANX family
ROBO4,I-set domain containing
GATA4,GATA zinc finger domain containing
LOC126861443,Unknown
ITGAX,CD molecules
LRRC63,No group
MIR718,MicroRNAs
RP5-1166F10.1,Unknown
FLJ16124,Unknown
NAA10,GCN5 related N-acetyltransferases
SP8,Zinc fingers C2H2-type
ZNF184,Zinc fingers C2H2-type
FXYD5,No group
CERCAM,No group
VANGL2,No group
LOC105369945,Unknown
BCL2L11,BCL2 homology region 3 (BH3) only
PRIM2,MicroRNA protein coding host genes
CFH,Sushi domain containing
TMEM132C,MicroRNA protein coding host genes
RNF114,Ring finger proteins
FAM20B,Golgi associated kinase family
IL1R2,CD molecules
USMG5,MicroRNA protein coding host genes
CPNE5,Copines
RANBP20P,No group
CYCS,No group
C12orf51,MicroRNA protein coding host genes
HAO1,Flavoproteins
RP11-706F1.1,Unknown
PERP,No group
COX6CP2,No group
FNIP1,DENN domain containing
MIEN1,No group
ELP3,GCN5 related N-acetyltransferases
ACSBG1,Acyl-CoA synthetase family
SLC17A4,Solute carrier family 17
TMEM39A1,Unknown
PRTN3,Granule associated serine proteases of immune defence
TMC2,Transmembrane channel like family
KLF12,Zinc fingers C2H2-type
SMYD3,SET domain containing
STAT3,SH2 domain containing
DPCR,Unknown
CD226,CD molecules
C4B,Blood group antigens
SOCS6,SH2 domain containing
NCF,Unknown
WWTR1,No group
LEF1,Wnt enhanceosome complex
SBK1,No group
SIRPB1,CD molecules
MLF1IP,Constitutive centromere associated network
TRAFD1,No group
NR4A3,Nuclear receptor subfamily 4 group A
ADAM15,ADAM metallopeptidase domain containing
FAM98B,tRNA splicing ligase complex
ASTN2,Small nucleolar RNA protein coding host genes
DSTYK,No group
KSR2,RAF family
TGFBR2,Type 2 receptor serine/threonine kinases
CD86,CD molecules
SDHA,Flavoproteins
MLXIPL,Basic helix-loop-helix proteins
LOC126861339,Unknown
NF1,Armadillo like helical domain containing
MPZ,V-set domain containing
BAZ1B,PHD finger proteins
RFC2,AAA ATPases
METTL27,7BS orphan methyltransferases
CFAP126,Cilia and flagella associated
LIMK1,PDZ domain containing
GTF2IRD2,No group
EIF4H,MicroRNA protein coding host genes
CLIP2,No group
TBL2,WD repeat domain containing
VPS37D,ESCRT-I
BCL7B,BAF complex
LOC126805614,Unknown
STX1A,Syntaxins
BUD23,Ribosomal biogenesis factors
DNAJC30,DNAJ (HSP40) heat shock proteins
FKBP6,FKBP prolyl isomerases
TMEM270,No group
PRKG1,MicroRNA protein coding host genes
FAS,CD molecules
MFAP5,No group
SDHAF2,Mitochondrial respiratory chain complex assembly factors
ELN,No group
LOC106736614,Unknown
CTD-2354A18.1,Unknown
LZTFL1,No group
ETV3,ETS transcription factor family
LINGO1,I-set domain containing
LOC100506274,Unknown
KIAA0319L,No group
C1GALT1,Beta 3-glycosyltransferases
SLC12A1,Solute carrier family 12
IL6R,CD molecules
PVT1,Long non-coding RNAs with non-systematic symbols
TCF19,PHD finger proteins
CPLX1,No group
GPR78,"G protein-coupled receptors, Class A orphans"
LOC107303340,Unknown
RP1-37J18.1,Unknown
RENBP,No group
LOC146513,Unknown
CR2,CD molecules
RET,Receptor tyrosine kinases
TMEM127,No group
MAX,Basic helix-loop-helix proteins
KIF1B,MicroRNA protein coding host genes
SDHD,Mitochondrial complex II: succinate dehydrogenase subunits
SDHB,Mitochondrial complex II: succinate dehydrogenase subunits
SDHC,Mitochondrial complex II: succinate dehydrogenase subunits
C1QTNF6,C1q and TNF related 
SLC1A7,Solute carrier family 1
MYNN,Zinc fingers C2H2-type
IFITM4P,No group
HLA-G,Histocompatibility complex
TNXB,Tenascins
STAT4,SH2 domain containing
SFTA2,No group
RPL15P4,No group
TRIM26,Ring finger proteins
IRF5,Interferon regulatory factors 
TRIM31,Ring finger proteins
MOG,V-set domain containing
POU5F1,POU class homeoboxes and pseudogenes
HCG9,Long non-coding RNAs with non-systematic symbols
DPCR1,No group
HCG4P7,No group
HCG26,Long non-coding RNAs with non-systematic symbols
ITGAM,CD molecules
MICB,C1-set domain containing
ZNRD1AS,No group
HCP5P14,No group
TNFSF4,CD molecules
HCG2P6,No group
3.8-1.2,Unknown
RPL3P2,No group
LTA,Tumor necrosis factor superfamily
TNFAIP3,OTU domain containing
TNIP1,No group
HLA-DQA1,Histocompatibility complex
HCP5,Long non-coding RNAs with non-systematic symbols
JUND,Basic leucine zipper proteins
HLA-DQA2,Histocompatibility complex
LOC102723566,Unknown
MICA,C1-set domain containing
BLK,SH2 domain containing
HCG22,No group
HLA-X,Histocompatibility complex
C6orf15,No group
HCG27,Long non-coding RNAs with non-systematic symbols
VARS2,"Aminoacyl tRNA synthetases, Class I"
DDR1,MicroRNA protein coding host genes
KCNJ5,Potassium inwardly rectifying channel subfamily J
WAS,Wiskott-Aldrich Syndrome protein family
IER3,No group
HLA-S,Histocompatibility complex
BAT1,Small nucleolar RNA protein coding host genes
3.8-1.5,Unknown
PPIAP9,No group
MUC21,Mucins
HLA-C,Histocompatibility complex
WASF5P,Wiskott-Aldrich Syndrome protein family
DHFRP2,No group
PSORS1C1,No group
PSORS1C3,Long non-coding RNAs with non-systematic symbols
NFKBIL1,No group
HLA-DRB1,Histocompatibility complex
MICE,No group
HLA-L,Histocompatibility complex
WDFY4,WD repeat domain containing
UHRF1BP1,Bridge-like lipid transfer protein family
NOTCH4,Notch receptors
HCP5P12,No group
FOXP1,MicroRNA protein coding host genes
MCCD1,No group
UQCRHP1,No group
CSNK2B,No group
ZFP57,Zinc fingers C2H2-type
OR2H5P,"Olfactory receptors, family 2"
TREX1,Exonucleases
LBH,No group
HCP5P15,No group
ATG5,Autophagy related
IL10,Interleukins
TBX20,T-box transcription factors
MICD,No group
RNF39,Ring finger proteins
UBD,No group
UBQLN1P1,No group
HLA-DQ1,Unknown
SLC44A4,Solute carrier family 44
JAZF1,Zinc fingers C2H2-type
NCF2,Tetratricopeptide repeat domain containing
ATP6V1G2,V-type ATPase subunits
HLA-DR3,Unknown
PXK,No group
HERPUD2,No group
LOC126860303,Unknown
NCR3,CD molecules
HLA-V,Histocompatibility complex
IKZF1,Zinc fingers C2H2-type
MHCclassIII,Unknown
UBE2L3,Ubiquitin conjugating enzymes E2
SLC15A4,Solute carrier family 15
MICC,No group
TNPO3,Armadillo like helical domain containing
ETS1,ETS transcription factor family
RPL23AP1,No group
IRF7,Interferon regulatory factors 
BANK1,Ankyrin repeat domain containing
HLA-DPA1,Histocompatibility complex
FCGR2A,CD molecules
PTPN22,Protein tyrosine phosphatases non-receptor type
HLA-DQB1,Histocompatibility complex
IL12RB2,Fibronectin type III domain containing
XXbac-BPG254F23.7,Unknown
HLA-DQB3,Histocompatibility complex
HCG4P10,Long non-coding RNAs with non-systematic symbols
HLA,Unknown
HLA-DOA,Histocompatibility complex
IRF8,MicroRNA protein coding host genes
PSMB9,Proteasome
TRIM40,Ring finger proteins
PRDM1,Zinc fingers C2H2-type
SUMO2P1,No group
ENG,CD molecules
CNNM1,Cyclin and CBS domain divalent metal cation transport mediators
RAP2A,RAS type GTPase family
DIP2A,No group
TBC1D4,No group
NAPG,No group
HNRNPD,RNA binding motif containing
CDH10,Type II classical cadherins
ETV6,ETS transcription factor family
EPB41L3,FERM domain containing
COX5BL1,No group
CNTN5,I-set domain containing
CXCL3,Chemokine ligands
CTNNA1,Alpha catenins
GPR98,USH2 complex 
FLJ35409,Unknown
LASS6,MicroRNA protein coding host genes
KCNA4,Potassium voltage-gated channels
PPP1R3C,Protein phosphatase 1 regulatory subunits
RPL21P42,No group
FLJ43763,Unknown
UBLCP1,CTD family phosphatases
TSPAN6,Tetraspanins
SBF2,Pleckstrin homology domain containing
AKAP7,A-kinase anchoring proteins
LHFPL1,LHFPL tetraspan proteins
RPL7AP58,No group
LHFP,LHFPL tetraspan proteins
RPL21P67,No group
SNX7,Sorting nexins
PPBPL2,No group
PRDM9,Zinc fingers C2H2-type
COL3A1,MicroRNA protein coding host genes
MYLK-AS1,Antisense RNAs
LOC126806791,Unknown
LOC126806792,Unknown
THSD4,ADAMTS like
NDE1,MicroRNA protein coding host genes
FOXE3,Forkhead boxes
LINC01389,Long intergenic non-protein coding RNAs
ARIH1,RBR E3 ubiquitin ligases
FBN1,Fibrillins
TGFB2,Transforming growth factor beta family
EFEMP2,Fibulins
THSD1,No group
CDKN2BAS,Antisense RNAs
ALMS1,No group
LOC126806252,Unknown
LIPA,Lipases
BANF1,No group
ANTXR1,MicroRNA protein coding host genes
LMNA,Lamins
EIF1AD,No group
ALOX5,Arachidonate lipoxygenases
VEGFA,VEGF family
LDLRAP1,No group
POLR1C,RNA polymerase subunits
RPS27P1,No group
TBC1D1,No group
NUTM2F,No group
ARHGEF26,Pleckstrin homology domain containing
OSBPL10,Pleckstrin homology domain containing
RP11-359M6.3,Unknown
MMP3,M10 matrix metallopeptidases
CREB3L1,CREB3 transcription factor family
IGLL1,CD molecules
CDKN2B-AS1,Antisense RNAs
PTPN11,SH2 domain containing
COL4A1,Network forming collagens
MAPK10,MicroRNA protein coding host genes
WWOX,Short chain dehydrogenase/reductase superfamily
COG6,Components of oligomeric golgi complex
LPA,No group
IPO5,Importins
LDLR,MicroRNA protein coding host genes
DHS,Unknown
CHRNA3,Cholinergic receptors nicotinic subunits
IL6,Interleukins
HABP2,No group
SYTL3,Synaptotagmin like tandem C2 proteins
LOC732538,Unknown
PTDSS1,No group
LPL,Lipases
SORT1,No group
NSMCE1,Ring finger proteins
LOC388882,Unknown
MTHFD1L,No group
TCF7L2,Wnt enhanceosome complex
UTRN,Zinc fingers ZZ-type
XYLT1,Glucosaminyl (N-acetyl) transferases/xylosyltransferases
SRPX2,Sushi domain containing
B4GALT1,Beta 4-glycosyltransferases
PLG,No group
F9,Gla domain containing
THBD,CD molecules
FGB,Receptor ligands
SERPIND1,Serpin peptidase inhibitors
FGA,Receptor ligands
PI4KA,Armadillo like helical domain containing
ABCC6,ATP binding cassette subfamily C
LOC125146421,Unknown
LOC102723692,Unknown
CELSR2,"Adhesion G protein-coupled receptors, subfamily C"
AGXT,No group
XYLT2,Glucosaminyl (N-acetyl) transferases/xylosyltransferases
ABCC2,ATP binding cassette subfamily C
ENPP1,Ectonucleotide pyrophosphatase/phosphodiesterase family
EDNRA,Endothelin receptors
HDAC9,"Histone deacetylases, class IIA"
BMP8A,Bone morphogenetic proteins
MACF1,EF-hand domain containing
ABO,Blood group antigens
RGL1,No group
CSMD3,Sushi domain containing
CD44,CD molecules
CTLA4,CD molecules
ST8SIA4,MicroRNA protein coding host genes
LMNTD2,No group
DGUOK,Deoxyribonucleoside kinases
ARHGAP15,Pleckstrin homology domain containing
GTF2H1,Nucleotide excision repair
GPR19,"G protein-coupled receptors, Class A orphans"
ANKRD27,Ankyrin repeat domain containing
ABHD6,Abhydrolase domain containing
CDHR5,Cadherin related
ARL11,ARF GTPase family
RERE,Myb/SANT domain containing
CDKN1B,No group
SLC35G5,Solute carrier family 35
FCGR3B,CD molecules
GFI1,Zinc fingers C2H2-type
RASGRP1,EF-hand domain containing
IL18RAP,MicroRNA protein coding host genes
MTMR9,Myotubularins
CD80,CD molecules
ZC2HC1A,Zinc fingers C2HC-type
SNX18,Sorting nexins
SBNO2,No group
PRNCR1,Long non-coding RNAs with non-systematic symbols
LINC00824,Long intergenic non-protein coding RNAs
AK057451,Unknown
NEURL4,No group
NCOA5,No group
PKIA,No group
TDH,Short chain dehydrogenase/reductase superfamily
FCGR2C,CD molecules
RGS21,Regulators of G-protein signaling
LINC00208,Long intergenic non-protein coding RNAs
CCR1,CD molecules
C1QTNF12,C1q and TNF related 
PRPS2,No group
DOT1L,Lysine methyltransferases
HLA-F,Histocompatibility complex
ESM1,No group
CABP1,EF-hand domain containing
LINC01980,Long intergenic non-protein coding RNAs
C8orf12,Antisense RNAs
PAPOLG,No group
CD40,CD molecules
PPP1R10,Protein phosphatase 1 regulatory subunits
GPM6A,No group
GTF2IRD1-GTF2I,Unknown
FCHSD2,F-BAR domain containing 
AHNAK2,PDZ domain containing
LOC284241,Unknown
PDHX,MicroRNA protein coding host genes
PLD2,Phospholipases
FAP,DASH family
DARS,"Aminoacyl tRNA synthetases, Class II"
NOTCH2,Notch receptors
CLNK,SH2 domain containing
XCR1,X-C motif chemokine receptors
FASLG,CD molecules
CCDC42,No group
ERBB2,MicroRNA protein coding host genes
LCP1,EF-hand domain containing
ILF3,No group
TERT,No group
ATG16L2,WD repeat domain containing
TNIP2,No group
RPL7P21,No group
IRF1,Interferon regulatory factors 
KDM4B,Tudor domain containing
KCNJ3,Potassium inwardly rectifying channel subfamily J
NMNAT2,No group
ALDH1A2,Aldehyde dehydrogenases
EDEM3,Mannosidases alpha class 1
CREBL2,Basic leucine zipper proteins
ZNF804B,Zinc fingers C2H2-type
FKBP15,Protein phosphatase 1 regulatory subunits
LINC01185,Divergent transcripts
COL28A1,Collagens
NADSYN1,MicroRNA protein coding host genes
DYRK2,No group
BX322557.13,Unknown
MIR3142,MicroRNAs
RNU6,Unknown
RP11-148B3.1,Unknown
Y_RNA,Unknown
COPS8,COP9 signalosome 
RSPH3,Axonemal radial spoke subunits 
TYRO3,I-set domain containing
SYT1,MicroRNA protein coding host genes
KSR1,RAF family
SLC6A16,MicroRNA protein coding host genes
PDHB,Pyruvate dehydrogenase complex
CXorf21,No group
FLJ10661,Unknown
TCP11,No group
PRDX6,Peroxiredoxins
SPRED2,Sprouty related EVH1 domain containing family
UBAC2,MicroRNA protein coding host genes
CCDC113,No group
PLLP,MARVEL domain containing
C13orf31,No group
PGS1,No group
SRD5A,Unknown
LINC01232,Long intergenic non-protein coding RNAs
CEBPB,Basic leucine zipper proteins
GDF2,Transforming growth factor beta superfamily
UBE2QL1,No group
RP11-126K15.1,Unknown
C10orf55,No group
GABRR2,Gamma-aminobutyric acid type A receptor subunits
PRKCB,MicroRNA protein coding host genes
FYCO1,Zinc fingers FYVE-type
ETV7,ETS transcription factor family
EFNA1,Ephrins
DRAM1,No group
MCTP2,Multiple C2 and transmembrane domain containing
MIR146A,MicroRNA MIR146 family
NAB1,No group
SOCS1,SH2 domain containing
DNASE1,No group
SMG7,No group
ACAP1,Ankyrin repeat domain containing
RYBP,Zinc fingers RANBP2-type 
SHQ1,No group
ATRIP-TREX1,Unknown
KIAA1542,Unknown
PHTF2,No group
MSRA,No group
FAM167A,No group
CD45,CD molecules
ATRIP,Armadillo like helical domain containing
LRRC25,No group
MECP2,Methyl-CpG binding domain containing
XKR6,MicroRNA protein coding host genes
SUCLA2P1,No group
BACH2,BTB domain containing
PHRF1,Ring finger proteins
ELF1,ETS transcription factor family
CMC1,Mitochondrial respiratory chain complex assembly factors
TET3,Zinc fingers CXXC-type
JAK2,SH2 domain containing
IKZF2,Zinc fingers C2H2-type
TLR7,Toll like receptors
HLAregion,Unknown
MSH5,MutS homologs
ARID5B,AT-rich interaction domain containing
TAP2,ATP binding cassette subfamily B
HLA-DOB,Histocompatibility complex
PSORS1C2,No group
LOC100506023,Unknown
TYK2,FERM domain containing
PTPRC,CD molecules
HLA-E,Histocompatibility complex
C6orf10,No group
CLEC16A,C-type lectin domain containing
DEF6,Pleckstrin homology domain containing
RASGRP3,EF-hand domain containing
IRAK1,No group
GRB2,SH2 domain containing
HSPA1A,Heat shock 70kDa proteins
TCF7,Wnt enhanceosome complex
PTTG1,No group
HSPA1B,Heat shock 70kDa proteins
CSK,SH2 domain containing
IL12A,Interleukins
HCG18,Long non-coding RNAs with non-systematic symbols
C2,Sushi domain containing
ZFP90,Zinc fingers C2H2-type
SSBP4,Wnt enhanceosome complex
IFIH1,Caspase recruitment domain containing
CDSN,No group
LPP,MicroRNA protein coding host genes
ATXN1,No group
UBP1,No group
OVOL1,Zinc fingers C2H2-type
BC034612,Unknown
TMEM187,MicroRNA protein coding host genes
LRRC56,Axonemal dynein assembly factors
CASC19,Long non-coding RNAs with non-systematic symbols
MFHAS1,ROCO family
EVI5,No group
COX7BP1,No group
IFNG,Interferons
RCBTB1,BTB domain containing
DKFZp761E198,Unknown
RASSF7,Cilia and flagella associated
RNU2-3P,No group
KLF2,Zinc fingers C2H2-type
PINX1,MicroRNA protein coding host genes
FAM86B3P,No group
MTF1,No group
TNKS,MicroRNA protein coding host genes
TIMMDC1,Mitochondrial respiratory chain complex assembly factors
DDX6,DEAD-box helicases
FCRL5,CD molecules
RABGAP1L,No group
ACVRL1,Type 1 receptor serine/threonine kinases
CSNK2A2,No group
C8orf13,No group
LINC00271,Divergent transcripts
MIR210HG,MicroRNA non-coding host genes
TRAF3,Ring finger proteins
RAD51B,No group
IL2RA,CD molecules
AHI1,WD repeat domain containing
FCGR2B,CD molecules
NEMP2,No group
C7orf72,No group
TMEM86B,No group
FLI1,ETS transcription factor family
CDH23,MicroRNA protein coding host genes
IKZF3,Zinc fingers C2H2-type
ZNF365,Zinc fingers C2H2-type
CIITA,NLR family
RNASEH2C,No group
LYST,MicroRNA protein coding host genes
DSE,No group
TPRG1-AS1,Antisense RNAs
DGKQ,Diacylglycerol kinases
IKBKE,MicroRNA protein coding host genes
CD58,MicroRNA protein coding host genes
CCHCR1,No group
SKP1,SCF complex core subunits
IL23R,No group
LOC285627,Unknown
PLCL1,Protein phosphatase 1 regulatory subunits
CCL22,Chemokine ligands
RGS1,Regulators of G-protein signaling
GP1BB,CD molecules
